1,art,???????
2,bangrak,??????
3,beauty,???????????????
4,blueplanet,???????????
5,camera,?????
6,cartoon,???????
7,chalermkrung,?????????
8,chalermthai,????????
9,family,????????
10,food,???????
11,gallery,?????????
12,greenzone,???????
13,home,?????
14,horoscope,????????
15,isolate,?????????
16,jatujak,???????
17,klaibann,???????
18,library,????????
19,lumpini,??????????
20,mbk,?????????
21,pantip,??????
22,rajdumnern,?????????
23,ratchada,?????
24,region,???????
25,religious,?????
26,siam,????
27,siliconvalley,??????????????
28,silom,????
29,sinthorn,?????
30,social,???????????
31,supachalasai,??????????
32,tvshow,??????????
33,wahkor,??????
34,writer,???????????
